date;temperature
10/15/1752;8,4
11/15/1752;4,9
12/15/1752;1,6
1/15/1753;-3,2
2/15/1753;-0,4
3/15/1753;4,9
4/15/1753;8,1
5/15/1753;12,4
6/15/1753;16,8
7/15/1753;17,7
8/15/1753;16
9/15/1753;13,9
10/15/1753;9
11/15/1753;2,3
12/15/1753;-1,2
1/15/1754;-1,7
2/15/1754;-1,7
3/15/1754;0,3
4/15/1754;6,9
5/15/1754;13,3
6/15/1754;15,8
7/15/1754;16,1
8/15/1754;16,9
9/15/1754;13
10/15/1754;9,5
11/15/1754;4,3
12/15/1754;0,4
1/15/1755;-6
2/15/1755;-4,7
3/15/1755;2,3
4/15/1755;10,5
5/15/1755;12,2
6/15/1755;18
7/15/1755;17,6
8/15/1755;15,7
9/15/1755;12,4
10/15/1755;7,8
11/15/1755;3,4
12/15/1755;1,2
1/15/1756;1,7
2/15/1756;2,2
3/15/1756;4
4/15/1756;6,5
5/15/1756;11,6
6/15/1756;18
7/15/1756;18,4
8/15/1756;16,2
9/15/1756;14,6
10/15/1756;8,3
11/15/1756;1,6
12/15/1756;-2,1
1/15/1757;-3
2/15/1757;0,7
3/15/1757;3,6
4/15/1757;8,6
5/15/1757;12,2
6/15/1757;17,3
7/15/1757;20,9
8/15/1757;17,4
9/15/1757;12,2
10/15/1757;4,5
11/15/1757;4,2
12/15/1757;-1,3
1/15/1758;-4,6
2/15/1758;-0,5
3/15/1758;3,3
4/15/1758;6,3
5/15/1758;13,9
6/15/1758;16,7
7/15/1758;15,5
8/15/1758;17,1
9/15/1758;11,8
10/15/1758;6,5
11/15/1758;3,93
12/15/1758;0,6
1/15/1759;1,4
2/15/1759;2,1
3/15/1759;4,3
4/15/1759;7,7
5/15/1759;11,6
6/15/1759;16,7
7/15/1759;19,5
8/15/1759;17,5
9/15/1759;13,5
10/15/1759;9,3
11/15/1759;0,5
12/15/1759;-3,1
1/15/1760;-2,8
2/15/1760;-0,9
3/15/1760;2,1
4/15/1760;8,2
5/15/1760;12,8
6/15/1760;16,9
7/15/1760;17,7
8/15/1760;16,8
9/15/1760;14,6
10/15/1760;8,6
11/15/1760;3,8
12/15/1760;2,9
1/15/1761;-1,6
2/15/1761;1,7
3/15/1761;5
4/15/1761;7,1
5/15/1761;13,3
6/15/1761;16,6
7/15/1761;16,2
8/15/1761;17,7
9/15/1761;14,2
10/15/1761;6,1
11/15/1761;3
12/15/1761;-3,3
1/15/1762;0,4
2/15/1762;-0,6
3/15/1762;0,1
4/15/1762;9,6
5/15/1762;12,9
6/15/1762;15,7
7/15/1762;17,3
8/15/1762;14,9
9/15/1762;12,6
10/15/1762;5,9
11/15/1762;2
12/15/1762;-3,3
1/15/1763;-6,7
2/15/1763;2,1
3/15/1763;1,5
4/15/1763;6,5
5/15/1763;10,6
6/15/1763;15,5
7/15/1763;17
8/15/1763;17,4
9/15/1763;11,7
10/15/1763;6,4
11/15/1763;3
12/15/1763;2,1
1/15/1764;2,1
2/15/1764;2,6
3/15/1764;1,6
4/15/1764;6,5
5/15/1764;13,8
6/15/1764;15,8
7/15/1764;18,3
8/15/1764;15,2
9/15/1764;10,9
10/15/1764;6,5
11/15/1764;2,3
12/15/1764;-0,9
1/15/1765;0,4
2/15/1765;-3,5
3/15/1765;4,7
4/15/1765;7,9
5/15/1765;10,7
6/15/1765;15,9
7/15/1765;15,1
8/15/1765;16,9
9/15/1765;12,1
10/15/1765;9
11/15/1765;2,7
12/15/1765;-1,3
1/15/1766;-4,3
2/15/1766;-1,7
3/15/1766;3
4/15/1766;9,1
5/15/1766;12,8
6/15/1766;15,7
7/15/1766;16,3
8/15/1766;16,5
9/15/1766;13,5
10/15/1766;7,9
11/15/1766;3,2
12/15/1766;-1,3
1/15/1767;-7,2
2/15/1767;2,7
3/15/1767;2,7
4/15/1767;5,6
5/15/1767;10,4
6/15/1767;14,1
7/15/1767;16,3
8/15/1767;16,9
9/15/1767;13,4
10/15/1767;8,5
11/15/1767;5,6
12/15/1767;-2,3
1/15/1768;-5
2/15/1768;-0,3
3/15/1768;1,1
4/15/1768;7,1
5/15/1768;11,9
6/15/1768;15,4
7/15/1768;17,1
8/15/1768;16,4
9/15/1768;11,6
10/15/1768;7,7
11/15/1768;4,1
12/15/1768;0,3
1/15/1769;-0,3
2/15/1769;-0,3
3/15/1769;2,4
4/15/1769;7,7
5/15/1769;11,6
6/15/1769;14,4
7/15/1769;16,7
8/15/1769;15,8
9/15/1769;13,3
10/15/1769;4,6
11/15/1769;3,8
12/15/1769;0,6
1/15/1770;-1,6
2/15/1770;-0,5
3/15/1770;0
4/15/1770;4,9
5/15/1770;11,7
6/15/1770;14,6
7/15/1770;16
8/15/1770;17
9/15/1770;14,6
10/15/1770;8,1
11/15/1770;3,6
12/15/1770;1,8
1/15/1771;-2,4
2/15/1771;-2,5
3/15/1771;-0,5
4/15/1771;3,5
5/15/1771;14,2
6/15/1771;15
7/15/1771;16,4
8/15/1771;15
9/15/1771;12,8
10/15/1771;8,6
11/15/1771;1,8
12/15/1771;1,4
1/15/1772;-1,8
2/15/1772;0,8
3/15/1772;3,6
4/15/1772;6,2
5/15/1772;10
6/15/1772;16,8
7/15/1772;16,5
8/15/1772;16,4
9/15/1772;14,2
10/15/1772;10,6
11/15/1772;5,5
12/15/1772;1
1/15/1773;1,1
2/15/1773;-2,2
3/15/1773;2,5
4/15/1773;7,4
5/15/1773;12,7
6/15/1773;15
7/15/1773;15,9
8/15/1773;16,9
9/15/1773;13,7
10/15/1773;9,9
11/15/1773;3,7
12/15/1773;2,2
1/15/1774;-1,4
2/15/1774;0,9
3/15/1774;5,1
4/15/1774;8,8
5/15/1774;12,1
6/15/1774;16,3
7/15/1774;16,3
8/15/1774;16,7
9/15/1774;11,9
10/15/1774;8
11/15/1774;-0,6
12/15/1774;-2,2
1/15/1775;-1,4
2/15/1775;2,9
3/15/1775;4,2
4/15/1775;6,3
5/15/1775;10,6
6/15/1775;17,6
7/15/1775;17,3
8/15/1775;17,8
9/15/1775;14,7
10/15/1775;8,8
11/15/1775;2
12/15/1775;-0,3
1/15/1776;-7,9
2/15/1776;1,3
3/15/1776;4
4/15/1776;7,1
5/15/1776;10,1
6/15/1776;15,5
7/15/1776;17,5
8/15/1776;16,7
9/15/1776;12,2
10/15/1776;7,5
11/15/1776;2,5
12/15/1776;-1,4
1/15/1777;-3,1
2/15/1777;-2,6
3/15/1777;3,3
4/15/1777;5,1
5/15/1777;12
6/15/1777;14,7
7/15/1777;15,7
8/15/1777;16,8
9/15/1777;12,3
10/15/1777;8,3
11/15/1777;4,3
12/15/1777;-1,3
1/15/1778;-1,6
2/15/1778;-1,9
3/15/1778;2,8
4/15/1778;9
5/15/1778;13
6/15/1778;15,8
7/15/1778;19
8/15/1778;17,7
9/15/1778;11,7
10/15/1778;6,9
11/15/1778;4,4
12/15/1778;3,7
1/15/1779;-3,9
2/15/1779;2,8
3/15/1779;4,8
4/15/1779;10
5/15/1779;13,5
6/15/1779;14,8
7/15/1779;16,9
8/15/1779;17,9
9/15/1779;14,8
10/15/1779;10,4
11/15/1779;4,1
12/15/1779;2,8
1/15/1780;-3,8
2/15/1780;-3
3/15/1780;5,8
4/15/1780;5,8
5/15/1780;12,9
6/15/1780;15,1
7/15/1780;16,7
8/15/1780;17,9
9/15/1780;13,1
10/15/1780;9,4
11/15/1780;3
12/15/1780;-2
1/15/1781;-2,3
2/15/1781;0,7
3/15/1781;4,1
4/15/1781;9,1
5/15/1781;13,2
6/15/1781;17,6
7/15/1781;17,6
8/15/1781;19,1
9/15/1781;14,8
10/15/1781;7,7
11/15/1781;4
12/15/1781;0
1/15/1782;1,3
2/15/1782;-4,2
3/15/1782;2
4/15/1782;6,2
5/15/1782;11,6
6/15/1782;16,8
7/15/1782;18,4
8/15/1782;16,5
9/15/1782;13,7
10/15/1782;6,5
11/15/1782;0,4
12/15/1782;-0,9
1/15/1783;1,7
2/15/1783;3
3/15/1783;1,7
4/15/1783;8,3
5/15/1783;13,1
6/15/1783;16,9
7/15/1783;19,1
8/15/1783;17,5
9/15/1783;14,3
10/15/1783;9,3
11/15/1783;3,3
12/15/1783;-3
1/15/1784;-6,1
2/15/1784;-3,5
3/15/1784;1
4/15/1784;4,8
5/15/1784;14,1
6/15/1784;16,1
7/15/1784;16,9
8/15/1784;16,1
9/15/1784;14,6
10/15/1784;5,1
11/15/1784;4
12/15/1784;-1,5
1/15/1785;-2,1
2/15/1785;-3
3/15/1785;-3,7
4/15/1785;4,3
5/15/1785;11,5
6/15/1785;14,6
7/15/1785;16,1
8/15/1785;15,6
9/15/1785;14,9
10/15/1785;7,8
11/15/1785;3,7
12/15/1785;-0,5
1/15/1786;-1
2/15/1786;-0,1
3/15/1786;0,2
4/15/1786;8,7
5/15/1786;11,2
6/15/1786;16,4
7/15/1786;14,9
8/15/1786;15,2
9/15/1786;11,7
10/15/1786;5,8
11/15/1786;-0,3
12/15/1786;-0,2
1/15/1787;-2,8
2/15/1787;1,2
3/15/1787;4,2
4/15/1787;6
5/15/1787;10,4
6/15/1787;16,1
7/15/1787;16,1
8/15/1787;16,6
9/15/1787;12,6
10/15/1787;9,7
11/15/1787;3,5
12/15/1787;2,2
1/15/1788;0,5
2/15/1788;-0,1
3/15/1788;2,2
4/15/1788;7,6
5/15/1788;12,9
6/15/1788;16,8
7/15/1788;18,7
8/15/1788;15,5
9/15/1788;14,4
10/15/1788;7,8
11/15/1788;1,2
12/15/1788;-9,8
1/15/1789;-4
2/15/1789;1,7
3/15/1789;-1,7
4/15/1789;7,4
5/15/1789;14,2
6/15/1789;14,6
7/15/1789;16,6
8/15/1789;16,6
9/15/1789;13,3
10/15/1789;8
11/15/1789;2,7
12/15/1789;1,5
1/15/1790;0,1
2/15/1790;2,6
3/15/1790;3,7
4/15/1790;5,5
5/15/1790;13,8
6/15/1790;16
7/15/1790;15,3
8/15/1790;16,3
9/15/1790;11,9
10/15/1790;7,9
11/15/1790;2,1
12/15/1790;1,4
1/15/1791;2,2
2/15/1791;0,7
3/15/1791;3,8
4/15/1791;9,3
5/15/1791;11,3
6/15/1791;14,9
7/15/1791;16,6
8/15/1791;17,7
9/15/1791;12,2
10/15/1791;7,9
11/15/1791;1,6
12/15/1791;0,3
1/15/1792;-0,9
2/15/1792;-1,5
3/15/1792;3,2
4/15/1792;8,8
5/15/1792;11,1
6/15/1792;15,5
7/15/1792;17,4
8/15/1792;17,2
9/15/1792;11,8
10/15/1792;7,5
11/15/1792;2,6
12/15/1792;0,6
1/15/1793;-2,7
2/15/1793;1,8
3/15/1793;2,4
4/15/1793;5,5
5/15/1793;10,9
6/15/1793;13,8
7/15/1793;18,4
8/15/1793;17,1
9/15/1793;12,1
10/15/1793;9,7
11/15/1793;3,5
12/15/1793;1,8
1/15/1794;-0,8
2/15/1794;2,8
3/15/1794;5,8
4/15/1794;10,9
5/15/1794;12,4
6/15/1794;16,5
7/15/1794;19,7
8/15/1794;15,9
9/15/1794;11,6
10/15/1794;7,9
11/15/1794;3,9
12/15/1794;-2,8
1/15/1795;-8,3
2/15/1795;-1,1
3/15/1795;1,8
4/15/1795;9,5
5/15/1795;11,2
6/15/1795;16,5
7/15/1795;14,9
8/15/1795;16,8
9/15/1795;14,4
10/15/1795;11,5
11/15/1795;2,5
12/15/1795;3
1/15/1796;4,2
2/15/1796;1,1
3/15/1796;0
4/15/1796;6,9
5/15/1796;12,9
6/15/1796;15,2
7/15/1796;16,6
8/15/1796;17,4
9/15/1796;14,9
10/15/1796;7,9
11/15/1796;2,6
12/15/1796;-2,8
1/15/1797;-0,1
2/15/1797;0,5
3/15/1797;1,9
4/15/1797;8,9
5/15/1797;14,1
6/15/1797;14,5
7/15/1797;18,7
8/15/1797;17,9
9/15/1797;14,1
10/15/1797;8,5
11/15/1797;3,2
12/15/1797;1,6
1/15/1798;-0,1
2/15/1798;1,5
3/15/1798;2,7
4/15/1798;8,7
5/15/1798;13,3
6/15/1798;16,6
7/15/1798;17
8/15/1798;17,5
9/15/1798;14,3
10/15/1798;8,3
11/15/1798;2,7
12/15/1798;-4,4
1/15/1799;-5,9
2/15/1799;-2,5
3/15/1799;0,8
4/15/1799;5,3
5/15/1799;10,3
6/15/1799;13,8
7/15/1799;15,7
8/15/1799;16,4
9/15/1799;12,5
10/15/1799;7,7
11/15/1799;3,3
12/15/1799;-5,2
1/15/1800;-1,7
2/15/1800;-2,4
3/15/1800;-1,2
4/15/1800;12
5/15/1800;14,6
6/15/1800;12,9
7/15/1800;15,7
8/15/1800;17,6
9/15/1800;13,9
10/15/1800;7,5
11/15/1800;4,6
12/15/1800;-0,6
1/15/1801;0,4
2/15/1801;-1,1
3/15/1801;4,5
4/15/1801;7,6
5/15/1801;14,1
6/15/1801;13,9
7/15/1801;16,1
8/15/1801;16
9/15/1801;14,2
10/15/1801;9,6
11/15/1801;3,4
12/15/1801;0,5
1/15/1802;-4,1
2/15/1802;-0,6
3/15/1802;3,2
4/15/1802;7,9
5/15/1802;10,9
6/15/1802;15,6
7/15/1802;15,5
8/15/1802;18,5
9/15/1802;13,3
10/15/1802;10,6
11/15/1802;3,8
12/15/1802;0,9
1/15/1803;-6,4
2/15/1803;-4,1
3/15/1803;1,8
4/15/1803;9,7
5/15/1803;9,7
6/15/1803;14,3
7/15/1803;18,1
8/15/1803;17,4
9/15/1803;10,7
10/15/1803;7,3
11/15/1803;3,5
12/15/1803;0
1/15/1804;2,2
2/15/1804;-1,8
3/15/1804;-0,2
4/15/1804;6,4
5/15/1804;13,3
6/15/1804;15,6
7/15/1804;16,6
8/15/1804;15,8
9/15/1804;14,1
10/15/1804;8,3
11/15/1804;0,9
12/15/1804;-4,2
1/15/1805;-4,6
2/15/1805;-1,6
3/15/1805;1,4
4/15/1805;5,3
5/15/1805;9,6
6/15/1805;13,3
7/15/1805;14,9
8/15/1805;14,8
9/15/1805;13,3
10/15/1805;4,3
11/15/1805;0
12/15/1805;-0,2
1/15/1806;1,9
2/15/1806;1,4
3/15/1806;2,6
4/15/1806;4,5
5/15/1806;14
6/15/1806;14,4
7/15/1806;15,8
8/15/1806;15,9
9/15/1806;13,5
10/15/1806;7,5
11/15/1806;4,9
12/15/1806;4,2
1/15/1807;-1,2
2/15/1807;1,2
3/15/1807;-0,4
4/15/1807;5,8
5/15/1807;13,2
6/15/1807;14,5
7/15/1807;18,4
8/15/1807;20,7
9/15/1807;11,4
10/15/1807;9,2
11/15/1807;3,8
12/15/1807;-0,2
1/15/1808;-1,3
2/15/1808;-1,7
3/15/1808;-2,1
4/15/1808;4,9
5/15/1808;14,3
6/15/1808;14,8
7/15/1808;18,5
8/15/1808;18,1
9/15/1808;13,2
10/15/1808;6,2
11/15/1808;2,2
12/15/1808;-4,9
1/15/1809;-3,2
2/15/1809;2,3
3/15/1809;1,9
4/15/1809;3,6
5/15/1809;13,3
6/15/1809;14,6
7/15/1809;16,2
8/15/1809;16,6
9/15/1809;12,6
10/15/1809;6,4
11/15/1809;1,8
12/15/1809;1,3
1/15/1810;-4,4
2/15/1810;-2,6
3/15/1810;3,4
4/15/1810;6,4
5/15/1810;10,9
6/15/1810;13,5
7/15/1810;16,2
8/15/1810;16,1
9/15/1810;14,9
10/15/1810;7,5
11/15/1810;3,4
12/15/1810;1,4
1/15/1811;-5,6
2/15/1811;0
3/15/1811;4,8
4/15/1811;6,9
5/15/1811;15,7
6/15/1811;18,3
7/15/1811;18,4
8/15/1811;16,6
9/15/1811;12,9
10/15/1811;11,5
11/15/1811;4,5
12/15/1811;0,4
1/15/1812;-3,6
2/15/1812;0,7
3/15/1812;1,8
4/15/1812;5,2
5/15/1812;12,4
6/15/1812;14,9
7/15/1812;15
8/15/1812;15,5
9/15/1812;11,8
10/15/1812;9,3
11/15/1812;1
12/15/1812;-5,6
1/15/1813;-3,9
2/15/1813;2,1
3/15/1813;2,2
4/15/1813;8,3
5/15/1813;12,5
6/15/1813;14
7/15/1813;15,4
8/15/1813;14,7
9/15/1813;11,7
10/15/1813;7,3
11/15/1813;2,5
12/15/1813;-0,5
1/15/1814;-4,2
2/15/1814;-5,9
3/15/1814;0
4/15/1814;9,1
5/15/1814;9,5
6/15/1814;13,3
7/15/1814;17,5
8/15/1814;15,6
9/15/1814;10,9
10/15/1814;6,5
11/15/1814;3,5
12/15/1814;1,6
1/15/1815;-4,9
2/15/1815;2
3/15/1815;5
4/15/1815;7,7
5/15/1815;12,9
6/15/1815;15,3
7/15/1815;14,6
8/15/1815;15,1
9/15/1815;12
10/15/1815;8,4
11/15/1815;1,5
12/15/1815;-2,6
1/15/1816;-0,7
2/15/1816;-2,2
3/15/1816;1,8
4/15/1816;7
5/15/1816;10,2
6/15/1816;13,3
7/15/1816;14,7
8/15/1816;14,1
9/15/1816;11,7
10/15/1816;7,3
11/15/1816;0,9
12/15/1816;-1,2
1/15/1817;1,5
2/15/1817;3,1
3/15/1817;2,6
4/15/1817;3,3
5/15/1817;11,3
6/15/1817;16,8
7/15/1817;15,7
8/15/1817;15,7
9/15/1817;14,4
10/15/1817;5
11/15/1817;4,9
12/15/1817;-0,8
1/15/1818;0,7
2/15/1818;0,2
3/15/1818;3,4
4/15/1818;8,1
5/15/1818;10,9
6/15/1818;16,4
7/15/1818;17,5
8/15/1818;15,6
9/15/1818;12,9
10/15/1818;7,8
11/15/1818;4,2
12/15/1818;-1,9
1/15/1819;0,3
2/15/1819;1,5
3/15/1819;3,9
4/15/1819;8,7
5/15/1819;12,8
6/15/1819;16,5
7/15/1819;17,8
8/15/1819;17,3
9/15/1819;13,8
10/15/1819;7,6
11/15/1819;2,3
12/15/1819;-2,2
1/15/1820;-5,2
2/15/1820;-0,4
3/15/1820;1,2
4/15/1820;9,2
5/15/1820;13,3
6/15/1820;13,5
7/15/1820;15,3
8/15/1820;18,1
9/15/1820;11,8
10/15/1820;7,8
11/15/1820;1
12/15/1820;-2
1/15/1821;-0,2
2/15/1821;-2
3/15/1821;2,4
4/15/1821;9,8
5/15/1821;11,1
6/15/1821;12,5
7/15/1821;14,7
8/15/1821;16,2
9/15/1821;13,9
10/15/1821;8,4
11/15/1821;5,9
12/15/1821;3,2
1/15/1822;1,2
2/15/1822;2,6
3/15/1822;6,4
4/15/1822;8,5
5/15/1822;14,1
6/15/1822;18,1
7/15/1822;17,5
8/15/1822;16,5
9/15/1822;12,9
10/15/1822;10,1
11/15/1822;5,3
12/15/1822;-2,9
1/15/1823;-8,1
2/15/1823;0,3
3/15/1823;3,2
4/15/1823;6,3
5/15/1823;13
6/15/1823;14,2
7/15/1823;15,4
8/15/1823;17,2
9/15/1823;13,3
10/15/1823;8,4
11/15/1823;3,5
12/15/1823;1,9
1/15/1824;0,4
2/15/1824;1,4
3/15/1824;2,3
4/15/1824;6,4
5/15/1824;11,4
6/15/1824;14,8
7/15/1824;16,9
8/15/1824;16,4
9/15/1824;14,6
10/15/1824;8,9
11/15/1824;5,4
12/15/1824;4
1/15/1825;1,3
2/15/1825;0,1
3/15/1825;0,6
4/15/1825;8,7
5/15/1825;12,3
6/15/1825;15
7/15/1825;16,5
8/15/1825;16,2
9/15/1825;13,8
10/15/1825;7,9
11/15/1825;4,8
12/15/1825;3
1/15/1826;-6,3
2/15/1826;0,3
3/15/1826;3,8
4/15/1826;7,4
5/15/1826;10,7
6/15/1826;16,3
7/15/1826;19,2
8/15/1826;19,5
9/15/1826;13,9
10/15/1826;9,7
11/15/1826;2,7
12/15/1826;1,8
1/15/1827;-2,3
2/15/1827;-5,2
3/15/1827;4
4/15/1827;9,4
5/15/1827;13,7
6/15/1827;16,2
7/15/1827;18,2
8/15/1827;15,8
9/15/1827;13,3
10/15/1827;9,3
11/15/1827;0,6
12/15/1827;2,5
1/15/1828;-1
2/15/1828;-1,3
3/15/1828;3,6
4/15/1828;8,3
5/15/1828;12,5
6/15/1828;16,1
7/15/1828;17,7
8/15/1828;15,2
9/15/1828;13
10/15/1828;7,8
11/15/1828;3,2
12/15/1828;1,8
1/15/1829;-5,2
2/15/1829;-4
3/15/1829;1,2
4/15/1829;7,2
5/15/1829;11,4
6/15/1829;14,3
7/15/1829;16,7
8/15/1829;14,6
9/15/1829;12
10/15/1829;6,6
11/15/1829;0,1
12/15/1829;-7,6
1/15/1830;-7,8
2/15/1830;-4,4
3/15/1830;3,5
4/15/1830;8,9
5/15/1830;12,2
6/15/1830;14,9
7/15/1830;17,2
8/15/1830;15,9
9/15/1830;11,4
10/15/1830;7,5
11/15/1830;4,5
12/15/1830;-0,7
1/15/1831;-3,7
2/15/1831;0,2
3/15/1831;3,8
4/15/1831;9,5
5/15/1831;11,5
6/15/1831;14,2
7/15/1831;17,3
8/15/1831;16,4
9/15/1831;11,7
10/15/1831;11,4
11/15/1831;3,3
12/15/1831;1
1/15/1832;-1,9
2/15/1832;-0,4
3/15/1832;2,4
4/15/1832;7,5
5/15/1832;10,4
6/15/1832;14,7
7/15/1832;15,4
8/15/1832;17,1
9/15/1832;12
10/15/1832;8,3
11/15/1832;2
12/15/1832;0
1/15/1833;-4,8
2/15/1833;2,7
3/15/1833;1,4
4/15/1833;5,7
5/15/1833;15,5
6/15/1833;16,9
7/15/1833;15,4
8/15/1833;13,5
9/15/1833;11,9
10/15/1833;7,9
11/15/1833;3,5
12/15/1833;4,5
1/15/1834;3,8
2/15/1834;0,4
3/15/1834;3,3
4/15/1834;6
5/15/1834;14,5
6/15/1834;16,9
7/15/1834;19,9
8/15/1834;18,2
9/15/1834;15,1
10/15/1834;8,6
11/15/1834;3,2
12/15/1834;1
1/15/1835;0,1
2/15/1835;1,9
3/15/1835;3,1
4/15/1835;6,1
5/15/1835;11,5
6/15/1835;15,8
7/15/1835;17,7
8/15/1835;16,4
9/15/1835;13,5
10/15/1835;7,2
11/15/1835;-0,2
12/15/1835;-2,2
1/15/1836;-1,4
2/15/1836;-0,1
3/15/1836;6,3
4/15/1836;6,9
5/15/1836;9,8
6/15/1836;15,5
7/15/1836;16,3
8/15/1836;15,5
9/15/1836;11,7
10/15/1836;8,9
11/15/1836;2,8
12/15/1836;1,6
1/15/1837;-1,3
2/15/1837;-0,7
3/15/1837;-0,2
4/15/1837;4,7
5/15/1837;9,5
6/15/1837;15,4
7/15/1837;15,2
8/15/1837;17,7
9/15/1837;11,4
10/15/1837;8,5
11/15/1837;3
12/15/1837;0
1/15/1838;-8,9
2/15/1838;-4,2
3/15/1838;2,5
4/15/1838;4,8
5/15/1838;11,8
6/15/1838;14,9
7/15/1838;16,1
8/15/1838;14,5
9/15/1838;13,1
10/15/1838;7,6
11/15/1838;2,5
12/15/1838;-0,8
1/15/1839;-0,8
2/15/1839;0,5
3/15/1839;0,7
4/15/1839;3,9
5/15/1839;11,2
6/15/1839;16,9
7/15/1839;17,2
8/15/1839;14,9
9/15/1839;13,3
10/15/1839;9,1
11/15/1839;4,6
12/15/1839;0,9
1/15/1840;-0,6
2/15/1840;0
3/15/1840;-0,5
4/15/1840;8,5
5/15/1840;11,6
6/15/1840;14,9
7/15/1840;14,7
8/15/1840;15,7
9/15/1840;12,5
10/15/1840;6
11/15/1840;4,9
12/15/1840;-7
1/15/1841;-2,4
2/15/1841;-3,8
3/15/1841;4,2
4/15/1841;8,1
5/15/1841;15,1
6/15/1841;14,3
7/15/1841;14,9
8/15/1841;15,8
9/15/1841;14,2
10/15/1841;9,6
11/15/1841;4
12/15/1841;2,6
1/15/1842;-4,7
2/15/1842;-2,4
3/15/1842;3,8
4/15/1842;5,8
5/15/1842;12,7
6/15/1842;15,9
7/15/1842;15,7
8/15/1842;19
9/15/1842;12,6
10/15/1842;5,8
11/15/1842;0,9
12/15/1842;1,1
1/15/1843;0,4
2/15/1843;2,4
3/15/1843;1,8
4/15/1843;7
5/15/1843;10,4
6/15/1843;13,3
7/15/1843;15,5
8/15/1843;16,7
9/15/1843;12,6
10/15/1843;7,9
11/15/1843;3,9
12/15/1843;2,4
1/15/1844;-1,5
2/15/1844;-1,6
3/15/1844;1,5
4/15/1844;8,3
5/15/1844;11,8
6/15/1844;15,5
7/15/1844;14,7
8/15/1844;14
9/15/1844;13,3
10/15/1844;8,5
11/15/1844;4,1
12/15/1844;-4,8
1/15/1845;-0,9
2/15/1845;-5,4
3/15/1845;-3,7
4/15/1845;7,5
5/15/1845;9,3
6/15/1845;16,1
7/15/1845;16,8
8/15/1845;14,2
9/15/1845;12,1
10/15/1845;8,3
11/15/1845;4,5
12/15/1845;2
1/15/1846;0,4
2/15/1846;2,6
3/15/1846;4,9
4/15/1846;7,8
5/15/1846;11,9
6/15/1846;17,1
7/15/1846;18,5
8/15/1846;18,4
9/15/1846;14
10/15/1846;9,9
11/15/1846;2,2
12/15/1846;-3
1/15/1847;-3,4
2/15/1847;-1,6
3/15/1847;1,7
4/15/1847;4,8
5/15/1847;13,9
6/15/1847;13,4
7/15/1847;17,2
8/15/1847;17,2
9/15/1847;10,7
10/15/1847;7,1
11/15/1847;3,3
12/15/1847;-1,5
1/15/1848;-8
2/15/1848;1,5
3/15/1848;4
4/15/1848;8,8
5/15/1848;12,4
6/15/1848;16,2
7/15/1848;16,1
8/15/1848;15,3
9/15/1848;11,9
10/15/1848;8,9
11/15/1848;2,9
12/15/1848;0
1/15/1849;-1,5
2/15/1849;2,5
3/15/1849;1,9
4/15/1849;6
5/15/1849;12,7
6/15/1849;15,7
7/15/1849;15,8
8/15/1849;14,6
9/15/1849;12,3
10/15/1849;8
11/15/1849;1,7
12/15/1849;-2,2
1/15/1850;-5,9
2/15/1850;3
3/15/1850;0,4
4/15/1850;7,6
5/15/1850;10,9
6/15/1850;15,6
7/15/1850;16,1
8/15/1850;15,7
9/15/1850;10,9
10/15/1850;6,2
11/15/1850;4,6
12/15/1850;0,4
1/15/1851;0,1
2/15/1851;-0,1
3/15/1851;2,9
4/15/1851;7,8
5/15/1851;8,7
6/15/1851;14,9
7/15/1851;15,4
8/15/1851;16,1
9/15/1851;10,8
10/15/1851;9,5
11/15/1851;0,3
12/15/1851;-0,4
1/15/1852;1,5
2/15/1852;1,1
3/15/1852;0,6
4/15/1852;4,5
5/15/1852;11,9
6/15/1852;15,4
7/15/1852;18,7
8/15/1852;16,5
9/15/1852;12,6
10/15/1852;6,9
11/15/1852;6,1
12/15/1852;3,8
1/15/1853;2
2/15/1853;-2,6
3/15/1853;-1,8
4/15/1853;4,5
5/15/1853;10,9
6/15/1853;15,4
7/15/1853;17
8/15/1853;15,9
9/15/1853;12,3
10/15/1853;8,7
11/15/1853;1,9
12/15/1853;-4,6
1/15/1854;-1
2/15/1854;-1
3/15/1854;2,8
4/15/1854;7,2
5/15/1854;12
6/15/1854;14,3
7/15/1854;16,9
8/15/1854;15,4
9/15/1854;12,5
10/15/1854;8,2
11/15/1854;1,2
12/15/1854;2
1/15/1855;-3,1
2/15/1855;-4,3
3/15/1855;1,2
4/15/1855;5,5
5/15/1855;10,1
6/15/1855;15,2
7/15/1855;16,1
8/15/1855;16,6
9/15/1855;12,3
10/15/1855;10,2
11/15/1855;1,9
12/15/1855;-4,2
1/15/1856;0,1
2/15/1856;1,4
3/15/1856;1
4/15/1856;8,2
5/15/1856;10,5
6/15/1856;15,8
7/15/1856;14,9
8/15/1856;16,7
9/15/1856;11,7
10/15/1856;9
11/15/1856;0,4
12/15/1856;0,4
1/15/1857;-1,9
2/15/1857;-1,4
3/15/1857;2,2
4/15/1857;6,8
5/15/1857;12,1
6/15/1857;15,9
7/15/1857;18,2
8/15/1857;18,4
9/15/1857;14,2
10/15/1857;10,3
11/15/1857;2,4
12/15/1857;1,5
1/15/1858;-3,1
2/15/1858;-4,6
3/15/1858;1,2
4/15/1858;7
5/15/1858;10,2
6/15/1858;18,4
7/15/1858;15,9
8/15/1858;16,2
9/15/1858;14,6
10/15/1858;8,8
11/15/1858;-0,8
12/15/1858;0,4
1/15/1859;0
2/15/1859;2,2
3/15/1859;5,6
4/15/1859;6,9
5/15/1859;12
6/15/1859;16,3
7/15/1859;19,8
8/15/1859;18,3
9/15/1859;12,5
10/15/1859;9,3
11/15/1859;2,3
12/15/1859;-2,8
1/15/1860;1,3
2/15/1860;-1,9
3/15/1860;1,1
4/15/1860;5,9
5/15/1860;12,4
6/15/1860;15,2
7/15/1860;14,7
8/15/1860;15,1
9/15/1860;12,3
10/15/1860;7,5
11/15/1860;1,3
12/15/1860;-1,6
1/15/1861;-5,4
2/15/1861;2,4
3/15/1861;4,2
4/15/1861;5,5
5/15/1861;9,9
6/15/1861;17
7/15/1861;16,9
8/15/1861;17,6
9/15/1861;12,9
10/15/1861;9,5
11/15/1861;3,4
12/15/1861;-0,5
1/15/1862;-1,8
2/15/1862;0
3/15/1862;5,4
4/15/1862;9,2
5/15/1862;14
6/15/1862;14,6
7/15/1862;16,2
8/15/1862;15,8
9/15/1862;13,6
10/15/1862;9,9
11/15/1862;2,7
12/15/1862;0,4
1/15/1863;2,3
2/15/1863;1,9
3/15/1863;4,2
4/15/1863;7,7
5/15/1863;12,2
6/15/1863;15,5
7/15/1863;15,7
8/15/1863;17,7
9/15/1863;12,4
10/15/1863;10,2
11/15/1863;3,8
12/15/1863;2,2
1/15/1864;-5,5
2/15/1864;-1,2
3/15/1864;4
4/15/1864;5,5
5/15/1864;9,9
6/15/1864;14,8
7/15/1864;15,3
8/15/1864;14
9/15/1864;12,3
10/15/1864;7
11/15/1864;2,1
12/15/1864;-3,4
1/15/1865;-0,3
2/15/1865;-3,9
3/15/1865;-0,9
4/15/1865;9,8
5/15/1865;15,2
6/15/1865;14,1
7/15/1865;18,7
8/15/1865;15,7
9/15/1865;14,5
10/15/1865;8,8
11/15/1865;4,7
12/15/1865;-0,1
1/15/1866;2,5
2/15/1866;3,2
3/15/1866;2,6
4/15/1866;8,8
5/15/1866;9,3
6/15/1866;17,6
7/15/1866;15,7
8/15/1866;14,5
9/15/1866;14
10/15/1866;7,2
11/15/1866;3,9
12/15/1866;1,1
1/15/1867;-1,1
2/15/1867;4
3/15/1867;1,4
4/15/1867;7,5
5/15/1867;11,3
6/15/1867;15,1
7/15/1867;15,1
8/15/1867;17
9/15/1867;13,7
10/15/1867;7,5
11/15/1867;2
12/15/1867;-1,7
1/15/1868;-2
2/15/1868;2,8
3/15/1868;3,4
4/15/1868;6,7
5/15/1868;15,8
6/15/1868;17
7/15/1868;18,2
8/15/1868;17,9
9/15/1868;14,8
10/15/1868;8,6
11/15/1868;1,9
12/15/1868;4,2
1/15/1869;-1,1
2/15/1869;4,4
3/15/1869;1
4/15/1869;9,6
5/15/1869;12,6
6/15/1869;12,9
7/15/1869;18,1
8/15/1869;15
9/15/1869;13,9
10/15/1869;6,6
11/15/1869;3,4
12/15/1869;-0,5
1/15/1870;-0,3
2/15/1870;-4,4
3/15/1870;1
4/15/1870;7,4
5/15/1870;12,5
6/15/1870;15,1
7/15/1870;17,9
8/15/1870;15
9/15/1870;11,5
10/15/1870;7,9
11/15/1870;4,1
12/15/1870;-4,5
1/15/1871;-5,1
2/15/1871;-0,8
3/15/1871;4,3
4/15/1871;6,8
5/15/1871;9,4
6/15/1871;12,7
7/15/1871;16,8
8/15/1871;17,1
9/15/1871;13,4
10/15/1871;5,9
11/15/1871;0,7
12/15/1871;-4,8
1/15/1872;-0,1
2/15/1872;1,2
3/15/1872;4,8
4/15/1872;8,5
5/15/1872;12,3
6/15/1872;15,3
7/15/1872;18,1
8/15/1872;15,4
9/15/1872;13,7
10/15/1872;9,4
11/15/1872;5,7
12/15/1872;2,5
1/15/1873;1,9
2/15/1873;-0,6
3/15/1873;4,6
4/15/1873;6,4
5/15/1873;9,7
6/15/1873;15,7
7/15/1873;18,3
8/15/1873;17,7
9/15/1873;12
10/15/1873;9,4
11/15/1873;4,2
12/15/1873;1
1/15/1874;0,9
2/15/1874;0,1
3/15/1874;3,2
4/15/1874;9,1
5/15/1874;8,9
6/15/1874;15,5
7/15/1874;19,1
8/15/1874;15
9/15/1874;14,7
10/15/1874;9,2
11/15/1874;1,5
12/15/1874;-1,6
1/15/1875;1,1
2/15/1875;-3,9
3/15/1875;0,4
4/15/1875;6,8
5/15/1875;12,9
6/15/1875;16,9
7/15/1875;16,6
8/15/1875;17,9
9/15/1875;13,4
10/15/1875;6,4
11/15/1875;2,4
12/15/1875;-2
1/15/1876;-3,5
2/15/1876;0,7
3/15/1876;3,8
4/15/1876;8,3
5/15/1876;8,6
6/15/1876;15,8
7/15/1876;17,4
8/15/1876;17,1
9/15/1876;11,9
10/15/1876;10,1
11/15/1876;1,2
12/15/1876;1,9
1/15/1877;2,1
2/15/1877;2,7
3/15/1877;2
4/15/1877;6
5/15/1877;9,4
6/15/1877;17,7
7/15/1877;16,5
8/15/1877;17,2
9/15/1877;10,5
10/15/1877;6,9
11/15/1877;5,4
12/15/1877;0,4
1/15/1878;-0,5
2/15/1878;2,2
3/15/1878;2,9
4/15/1878;8,4
5/15/1878;12,3
6/15/1878;15,4
7/15/1878;15,7
8/15/1878;16,4
9/15/1878;13,7
10/15/1878;9,3
11/15/1878;2,9
12/15/1878;-1,7
1/15/1879;-2,7
2/15/1879;0,3
3/15/1879;1,9
4/15/1879;5,6
5/15/1879;9,5
6/15/1879;15,7
7/15/1879;14,4
8/15/1879;16,9
9/15/1879;13,5
10/15/1879;7,7
11/15/1879;0,7
12/15/1879;-7,2
1/15/1880;-2,8
2/15/1880;0,2
3/15/1880;3,9
4/15/1880;8,3
5/15/1880;10,7
6/15/1880;14,7
7/15/1880;17,4
8/15/1880;16,2
9/15/1880;13,7
10/15/1880;7,5
11/15/1880;3,9
12/15/1880;3,9
1/15/1881;-5,4
2/15/1881;-0,1
3/15/1881;2,6
4/15/1881;5,5
5/15/1881;11,8
6/15/1881;15,1
7/15/1881;18,6
8/15/1881;15,9
9/15/1881;12,1
10/15/1881;5
11/15/1881;5,7
12/15/1881;0,9
1/15/1882;0,4
2/15/1882;1,5
3/15/1882;6
4/15/1882;7,7
5/15/1882;12
6/15/1882;14,3
7/15/1882;16,8
8/15/1882;14,9
9/15/1882;13,1
10/15/1882;8,9
11/15/1882;3,9
12/15/1882;0,6
1/15/1883;-0,3
2/15/1883;2,3
3/15/1883;-1,66
4/15/1883;6,1
5/15/1883;12,4
6/15/1883;16,2
7/15/1883;16,7
8/15/1883;15,9
9/15/1883;13,4
10/15/1883;8,5
11/15/1883;4,3
12/15/1883;0,8
1/15/1884;2,9
2/15/1884;2,7
3/15/1884;4,7
4/15/1884;6,1
5/15/1884;12,7
6/15/1884;13,1
7/15/1884;18,2
8/15/1884;17
9/15/1884;14,2
10/15/1884;7,9
11/15/1884;1,7
12/15/1884;1,7
1/15/1885;-2,8
2/15/1885;3
3/15/1885;2,5
4/15/1885;9,2
5/15/1885;10
6/15/1885;16,7
7/15/1885;17,3
8/15/1885;14,6
9/15/1885;12,7
10/15/1885;7,4
11/15/1885;2,7
12/15/1885;-0,3
1/15/1886;-1,3
2/15/1886;-2,9
3/15/1886;0,4
4/15/1886;8,7
5/15/1886;12,7
6/15/1886;14,3
7/15/1886;16,8
8/15/1886;16,9
9/15/1886;15,1
10/15/1886;9,5
11/15/1886;5,1
12/15/1886;0,8
1/15/1887;-3,7
2/15/1887;-0,8
3/15/1887;1,1
4/15/1887;7,1
5/15/1887;10
6/15/1887;15,5
7/15/1887;18,7
8/15/1887;15,7
9/15/1887;12,2
10/15/1887;5,5
11/15/1887;3,1
12/15/1887;-0,8
1/15/1888;-1,9
2/15/1888;-2,6
3/15/1888;0,7
4/15/1888;5,7
5/15/1888;12,1
6/15/1888;15,8
7/15/1888;14,7
8/15/1888;15
9/15/1888;12,5
10/15/1888;6,4
11/15/1888;3,3
12/15/1888;0,6
1/15/1889;-2,4
2/15/1889;-2,6
3/15/1889;0,3
4/15/1889;6,9
5/15/1889;15,78
6/15/1889;18,6
7/15/1889;16,3
8/15/1889;15,3
9/15/1889;11,1
10/15/1889;8
11/15/1889;2,7
12/15/1889;-1,6
1/15/1890;2
2/15/1890;-2,6
3/15/1890;4,1
4/15/1890;6,8
5/15/1890;13,6
6/15/1890;13,9
7/15/1890;15,4
8/15/1890;16,5
9/15/1890;13,1
10/15/1890;7,2
11/15/1890;2,9
12/15/1890;-5,3
1/15/1891;-4,5
2/15/1891;-0,6
3/15/1891;2,6
4/15/1891;5,1
5/15/1891;12,6
6/15/1891;14,7
7/15/1891;16,2
8/15/1891;15
9/15/1891;13,8
10/15/1891;9,9
11/15/1891;2,7
12/15/1891;1,7
1/15/1892;-1,8
2/15/1892;0,5
3/15/1892;0,5
4/15/1892;7
5/15/1892;12,2
6/15/1892;15,1
7/15/1892;16
8/15/1892;18,1
9/15/1892;13,8
10/15/1892;7,4
11/15/1892;3
12/15/1892;-1,9
1/15/1893;-7,3
2/15/1893;1,8
3/15/1893;4,3
4/15/1893;8,8
5/15/1893;12,2
6/15/1893;15,8
7/15/1893;17,4
8/15/1893;17
9/15/1893;12,4
10/15/1893;9,8
11/15/1893;2,2
12/15/1893;0,3
1/15/1894;-1,8
2/15/1894;1,6
3/15/1894;4,7
4/15/1894;9,9
5/15/1894;11,3
6/15/1894;14,2
7/15/1894;17,8
8/15/1894;15,4
9/15/1894;11
10/15/1894;8
11/15/1894;4,9
12/15/1894;0,5
1/15/1895;-4
2/15/1895;-6,8
3/15/1895;1,4
4/15/1895;8,6
5/15/1895;12,2
6/15/1895;15,7
7/15/1895;17,2
8/15/1895;16,5
9/15/1895;15,2
10/15/1895;7,1
11/15/1895;4,8
12/15/1895;-0,1
1/15/1896;-0,8
2/15/1896;-0,2
3/15/1896;5,3
4/15/1896;5,9
5/15/1896;10,7
6/15/1896;16,7
7/15/1896;17
8/15/1896;14,3
9/15/1896;12,7
10/15/1896;8,6
11/15/1896;1,2
12/15/1896;-0,5
1/15/1897;-2,9
2/15/1897;1,1
3/15/1897;5
4/15/1897;7,2
5/15/1897;10,6
6/15/1897;17
7/15/1897;16,5
8/15/1897;17,1
9/15/1897;12,3
10/15/1897;7,3
11/15/1897;2,8
12/15/1897;1,3
1/15/1898;2,3
2/15/1898;1,1
3/15/1898;2,9
4/15/1898;7,3
5/15/1898;11,3
6/15/1898;14,8
7/15/1898;14,4
8/15/1898;18
9/15/1898;13,6
10/15/1898;8,9
11/15/1898;4,7
12/15/1898;3
1/15/1899;2,1
2/15/1899;2
3/15/1899;2,6
4/15/1899;7,1
5/15/1899;11,1
6/15/1899;14,7
7/15/1899;17,3
8/15/1899;16,8
9/15/1899;12,5
10/15/1899;7,8
11/15/1899;6,4
12/15/1899;-3,3
1/15/1900;0,7
2/15/1900;1,1
3/15/1900;0,6
4/15/1900;6,5
5/15/1900;10,8
6/15/1900;15,9
7/15/1900;18,4
8/15/1900;16,2
9/15/1900;13,8
10/15/1900;8,6
11/15/1900;4,7
12/15/1900;2,8
1/15/1901;-3,7
2/15/1901;-4,1
3/15/1901;2,1
4/15/1901;8
5/15/1901;12,8
6/15/1901;15,6
7/15/1901;18,5
8/15/1901;16,4
9/15/1901;13,4
10/15/1901;9,1
11/15/1901;2,7
12/15/1901;0,9
1/15/1902;2,8
2/15/1902;-1,2
3/15/1902;3,4
4/15/1902;7,8
5/15/1902;8,61
6/15/1902;15,3
7/15/1902;15,8
8/15/1902;14,7
9/15/1902;12
10/15/1902;7,1
11/15/1902;1,6
12/15/1902;-1,8
1/15/1903;0,3
2/15/1903;3,6
3/15/1903;5,7
4/15/1903;4,6
5/15/1903;12,6
6/15/1903;14,8
7/15/1903;16,2
8/15/1903;15,4
9/15/1903;13,5
10/15/1903;9,6
11/15/1903;4,4
12/15/1903;-0,8
1/15/1904;-1,3
2/15/1904;1,1
3/15/1904;3
4/15/1904;8,8
5/15/1904;12,3
6/15/1904;15,2
7/15/1904;18,7
8/15/1904;16,5
9/15/1904;11,9
10/15/1904;8,3
11/15/1904;3,3
12/15/1904;2,4
1/15/1905;-1,8
2/15/1905;1,3
3/15/1905;4,5
4/15/1905;5,9
5/15/1905;12,1
6/15/1905;17
7/15/1905;18,6
8/15/1905;16,5
9/15/1905;12,8
10/15/1905;4,46
11/15/1905;3,1
12/15/1905;1
1/15/1906;1
2/15/1906;0,3
3/15/1906;2,2
4/15/1906;8
5/15/1906;13,1
6/15/1906;14,7
7/15/1906;17,2
8/15/1906;16,5
9/15/1906;12,5
10/15/1906;9,8
11/15/1906;6,3
12/15/1906;-2,2
1/15/1907;-0,3
2/15/1907;-1,5
3/15/1907;2,6
4/15/1907;6,1
5/15/1907;12,9
6/15/1907;14,6
7/15/1907;14,5
8/15/1907;15,7
9/15/1907;13,1
10/15/1907;11,2
11/15/1907;3,3
12/15/1907;1,5
1/15/1908;-2,2
2/15/1908;1,2
3/15/1908;2,3
4/15/1908;5,4
5/15/1908;13,2
6/15/1908;17
7/15/1908;17,2
8/15/1908;14,5
9/15/1908;12,1
10/15/1908;8,1
11/15/1908;1,5
12/15/1908;-0,5
1/15/1909;-1,6
2/15/1909;-2,5
3/15/1909;1,5
4/15/1909;7,8
5/15/1909;10,9
6/15/1909;14,1
7/15/1909;15
8/15/1909;16,2
9/15/1909;12,7
10/15/1909;10,2
11/15/1909;2
12/15/1909;1,9
1/15/1910;1,4
2/15/1910;2,4
3/15/1910;3,7
4/15/1910;7,3
5/15/1910;12,3
6/15/1910;16,5
7/15/1910;15,5
8/15/1910;15,8
9/15/1910;12
10/15/1910;9,1
11/15/1910;2,2
12/15/1910;2,6
1/15/1911;-1,1
2/15/1911;1,3
3/15/1911;4
4/15/1911;7,2
5/15/1911;13,1
6/15/1911;14,9
7/15/1911;19,1
8/15/1911;19,4
9/15/1911;14,4
10/15/1911;8,5
11/15/1911;4,7
12/15/1911;3
1/15/1912;-1,5
2/15/1912;2,3
3/15/1912;6
4/15/1912;6,9
5/15/1912;11,9
6/15/1912;15,6
7/15/1912;17,9
8/15/1912;13,97
9/15/1912;9,08
10/15/1912;6,5
11/15/1912;2,6
12/15/1912;3,1
1/15/1913;-0,2
2/15/1913;1,3
3/15/1913;6
4/15/1913;7,8
5/15/1913;12,4
6/15/1913;14,8
7/15/1913;14,6
8/15/1913;14,8
9/15/1913;12,6
10/15/1913;9,5
11/15/1913;6,8
12/15/1913;2
1/15/1914;-3
2/15/1914;3,1
3/15/1914;4,7
4/15/1914;9,8
5/15/1914;10,9
6/15/1914;14,6
7/15/1914;17,6
8/15/1914;17,2
9/15/1914;12,4
10/15/1914;8,2
11/15/1914;3,4
12/15/1914;3,5
1/15/1915;0,2
2/15/1915;0,9
3/15/1915;1,7
4/15/1915;6,9
5/15/1915;13,1
6/15/1915;17,5
7/15/1915;16,2
8/15/1915;15,2
9/15/1915;11,8
10/15/1915;6,4
11/15/1915;1,5
12/15/1915;3,5
1/15/1916;3,8
2/15/1916;0,8
3/15/1916;3,9
4/15/1916;8,2
5/15/1916;13,1
6/15/1916;12,8
7/15/1916;16
8/15/1916;15,9
9/15/1916;12
10/15/1916;8,5
11/15/1916;4,5
12/15/1916;1,8
1/15/1917;-2,6
2/15/1917;-3,8
3/15/1917;0
4/15/1917;4,33
5/15/1917;15
6/15/1917;18,8
7/15/1917;17,3
8/15/1917;16,7
9/15/1917;14,5
10/15/1917;7,2
11/15/1917;5,1
12/15/1917;-2,1
1/15/1918;0,7
2/15/1918;1,7
3/15/1918;4
4/15/1918;9
5/15/1918;14
6/15/1918;13
7/15/1918;16,5
8/15/1918;15,9
9/15/1918;12,9
10/15/1918;7,9
11/15/1918;3
12/15/1918;3,9
1/15/1919;0,7
2/15/1919;-0,5
3/15/1919;3
4/15/1919;5,5
5/15/1919;11,6
6/15/1919;15
7/15/1919;14,36
8/15/1919;16,1
9/15/1919;14,7
10/15/1919;6
11/15/1919;0,5
12/15/1919;0,8
1/15/1920;2,3
2/15/1920;3
3/15/1920;6,1
4/15/1920;9,4
5/15/1920;13,8
6/15/1920;14,9
7/15/1920;17,4
8/15/1920;15
9/15/1920;13
10/15/1920;6,9
11/15/1920;1,2
12/15/1920;0,6
1/15/1921;4,2
2/15/1921;1,2
3/15/1921;5,6
4/15/1921;7,8
5/15/1921;14
6/15/1921;14,4
7/15/1921;18,7
8/15/1921;17,2
9/15/1921;13,4
10/15/1921;11
11/15/1921;-0,18
12/15/1921;0,5
1/15/1922;-2,7
2/15/1922;-1,3
3/15/1922;3,5
4/15/1922;5,5
5/15/1922;13,6
6/15/1922;15,7
7/15/1922;15,7
8/15/1922;15,4
9/15/1922;11,2
10/15/1922;5
11/15/1922;2,5
12/15/1922;2,2
1/15/1923;1,5
2/15/1923;1
3/15/1923;4,9
4/15/1923;6,8
5/15/1923;11,4
6/15/1923;11,19
7/15/1923;18,6
8/15/1923;15,7
9/15/1923;13,1
10/15/1923;10,3
11/15/1923;2,9
12/15/1923;-1,7
1/15/1924;-2,9
2/15/1924;-2,6
3/15/1924;2,2
4/15/1924;6,3
5/15/1924;13,7
6/15/1924;15,1
7/15/1924;16,7
8/15/1924;14,5
9/15/1924;13,6
10/15/1924;9,4
11/15/1924;3
12/15/1924;1,5
1/15/1925;2,5
2/15/1925;3,6
3/15/1925;1,3
4/15/1925;8,2
5/15/1925;13,9
6/15/1925;15
7/15/1925;17,9
8/15/1925;16,5
9/15/1925;11
10/15/1925;8,5
11/15/1925;2
12/15/1925;-0,4
1/15/1926;0
2/15/1926;4,4
3/15/1926;4
4/15/1926;9,7
5/15/1926;10,7
6/15/1926;13,8
7/15/1926;17,4
8/15/1926;16
9/15/1926;14,6
10/15/1926;7,8
11/15/1926;6
12/15/1926;0,5
1/15/1927;1,8
2/15/1927;0,9
3/15/1927;5,9
4/15/1927;7,1
5/15/1927;10,9
6/15/1927;14,1
7/15/1927;17,3
8/15/1927;16,4
9/15/1927;13,5
10/15/1927;8,5
11/15/1927;2,7
12/15/1927;-2,6
1/15/1928;1,6
2/15/1928;2,5
3/15/1928;2,9
4/15/1928;7,5
5/15/1928;10,1
6/15/1928;14,1
7/15/1928;18,3
8/15/1928;16,2
9/15/1928;12,5
10/15/1928;8,6
11/15/1928;6,2
12/15/1928;-0,3
1/15/1929;-4,7
2/15/1929;-9,6
3/15/1929;2,6
4/15/1929;4,5
5/15/1929;13,1
6/15/1929;14,5
7/15/1929;17,5
8/15/1929;17,1
9/15/1929;15,5
10/15/1929;9,7
11/15/1929;4,7
12/15/1929;3,5
1/15/1930;2,3
2/15/1930;-0,2
3/15/1930;4,2
4/15/1930;8,3
5/15/1930;11,6
6/15/1930;18,2
7/15/1930;16,3
8/15/1930;15,9
9/15/1930;13,2
10/15/1930;8,7
11/15/1930;5,9
12/15/1930;0,6
1/15/1931;0,2
2/15/1931;-1,2
3/15/1931;0,2
4/15/1931;5,8
5/15/1931;15,1
6/15/1931;16,1
7/15/1931;16,8
8/15/1931;15,4
9/15/1931;10,2
10/15/1931;7,3
11/15/1931;4,6
12/15/1931;0,1
1/15/1932;1,8
2/15/1932;-1,9
3/15/1932;0,8
4/15/1932;7
5/15/1932;12,5
6/15/1932;14,6
7/15/1932;17,9
8/15/1932;18,7
9/15/1932;15
10/15/1932;8,5
11/15/1932;4,2
12/15/1932;0,8
1/15/1933;-2,6
2/15/1933;0,1
3/15/1933;5,1
4/15/1933;7
5/15/1933;11,5
6/15/1933;14,3
7/15/1933;18,1
8/15/1933;16,9
9/15/1933;13,5
10/15/1933;8,8
11/15/1933;2,5
12/15/1933;-3,9
1/15/1934;0,4
2/15/1934;1,2
3/15/1934;4,1
4/15/1934;10,3
5/15/1934;13,3
6/15/1934;16,4
7/15/1934;18,3
8/15/1934;16,4
9/15/1934;15,6
10/15/1934;9,6
11/15/1934;4,1
12/15/1934;4,8
1/15/1935;-0,8
2/15/1935;1,9
3/15/1935;2,7
4/15/1935;7,3
5/15/1935;10,5
6/15/1935;17,2
7/15/1935;17,8
8/15/1935;16,6
9/15/1935;13,7
10/15/1935;8,6
11/15/1935;5,2
12/15/1935;0,4
1/15/1936;3,1
2/15/1936;0,2
3/15/1936;5
4/15/1936;6,2
5/15/1936;12,3
6/15/1936;16,2
7/15/1936;16,8
8/15/1936;16,2
9/15/1936;13
10/15/1936;6,4
11/15/1936;3,8
12/15/1936;1,5
1/15/1937;-0,8
2/15/1937;2,2
3/15/1937;2,9
4/15/1937;8
5/15/1937;14,7
6/15/1937;16,3
7/15/1937;17,1
8/15/1937;17,1
9/15/1937;13,3
10/15/1937;9,4
11/15/1937;3,3
12/15/1937;-0,5
1/15/1938;1,7
2/15/1938;0,9
3/15/1938;6,9
4/15/1938;5
5/15/1938;10,7
6/15/1938;16
7/15/1938;16,7
8/15/1938;17,7
9/15/1938;13,8
10/15/1938;8,7
11/15/1938;7
12/15/1938;-1,9
1/15/1939;2,6
2/15/1939;1,6
3/15/1939;1,7
4/15/1939;8,6
5/15/1939;10,5
6/15/1939;16,3
7/15/1939;17
8/15/1939;17,5
9/15/1939;13,4
10/15/1939;6,5
11/15/1939;5,5
12/15/1939;-1,6
1/15/1940;-9
2/15/1940;-4,3
3/15/1940;2,7
4/15/1940;7,9
5/15/1940;12,2
6/15/1940;16,7
7/15/1940;16,2
8/15/1940;14,5
9/15/1940;12,4
10/15/1940;7,6
11/15/1940;5,4
12/15/1940;-2,8
1/15/1941;-5,4
2/15/1941;-0,2
3/15/1941;3,2
4/15/1941;5,5
5/15/1941;9,2
6/15/1941;16,3
7/15/1941;18,5
8/15/1941;15
9/15/1941;12,3
10/15/1941;8
11/15/1941;2
12/15/1941;1,5
1/15/1942;-7,9
2/15/1942;-5,4
3/15/1942;1,4
4/15/1942;7,5
5/15/1942;12,1
6/15/1942;14,4
7/15/1942;16,1
8/15/1942;17,6
9/15/1942;15,1
10/15/1942;11,1
11/15/1942;3,3
12/15/1942;2,1
1/15/1943;-0,4
2/15/1943;2,9
3/15/1943;5,6
4/15/1943;9,3
5/15/1943;12,8
6/15/1943;14,4
7/15/1943;17,7
8/15/1943;17,9
9/15/1943;13,8
10/15/1943;9,9
11/15/1943;2,7
12/15/1943;0,2
1/15/1944;3,1
2/15/1944;-1,1
3/15/1944;0,9
4/15/1944;8,6
5/15/1944;11,6
6/15/1944;14,2
7/15/1944;17,4
8/15/1944;19,6
9/15/1944;12,8
10/15/1944;8,6
11/15/1944;4,1
12/15/1944;-0,4
1/15/1945;-4
2/15/1945;4
3/15/1945;6
4/15/1945;8,8
5/15/1945;14
6/15/1945;16,6
7/15/1945;17,9
8/15/1945;16,2
9/15/1945;13,8
10/15/1945;9,7
11/15/1945;3,6
12/15/1945;1,3
1/15/1946;-1,8
2/15/1946;2,4
3/15/1946;3,7
4/15/1946;10,2
5/15/1946;13,9
6/15/1946;14,7
7/15/1946;18,4
8/15/1946;16,2
9/15/1946;14,1
10/15/1946;7
11/15/1946;4
12/15/1946;-2,3
1/15/1947;-4,7
2/15/1947;-6,6
3/15/1947;2,6
4/15/1947;9,4
5/15/1947;14,7
6/15/1947;17,9
7/15/1947;18,9
8/15/1947;18,9
9/15/1947;16,8
10/15/1947;7,7
11/15/1947;5,2
12/15/1947;1,4
1/15/1948;3,1
2/15/1948;0,5
3/15/1948;5,7
4/15/1948;10
5/15/1948;13,6
6/15/1948;15,6
7/15/1948;16,2
8/15/1948;16,4
9/15/1948;13,8
10/15/1948;8,7
11/15/1948;4,2
12/15/1948;0,9
1/15/1949;1,2
2/15/1949;1,7
3/15/1949;2
4/15/1949;10,3
5/15/1949;12,2
6/15/1949;14,1
7/15/1949;17,6
8/15/1949;17
9/15/1949;16,3
10/15/1949;10,6
11/15/1949;3,7
12/15/1949;3
1/15/1950;-1
2/15/1950;2,9
3/15/1950;4,8
4/15/1950;6,7
5/15/1950;13,8
6/15/1950;17,6
7/15/1950;18
8/15/1950;17,5
9/15/1950;12,9
10/15/1950;7,8
11/15/1950;4,3
12/15/1950;-2
1/15/1951;1,5
2/15/1951;1,8
3/15/1951;2,2
4/15/1951;7,3
5/15/1951;11,5
6/15/1951;15,3
7/15/1951;17,1
8/15/1951;17,2
9/15/1951;14,5
10/15/1951;7,3
11/15/1951;6,5
12/15/1951;2,5
1/15/1952;0,2
2/15/1952;-0,1
3/15/1952;2,6
4/15/1952;10,3
5/15/1952;12,3
6/15/1952;15,2
7/15/1952;18,3
8/15/1952;17,8
9/15/1952;10,5
10/15/1952;7,2
11/15/1952;1,6
12/15/1952;-0,5
1/15/1953;-0,8
2/15/1953;-0,1
3/15/1953;4,8
4/15/1953;9
5/15/1953;13,2
6/15/1953;16,1
7/15/1953;17,4
8/15/1953;16,4
9/15/1953;13,5
10/15/1953;10,4
11/15/1953;4,8
12/15/1953;2,5
1/15/1954;-3,2
2/15/1954;-3,5
3/15/1954;4,3
4/15/1954;5,8
5/15/1954;12,2
6/15/1954;16
7/15/1954;14,4
8/15/1954;15,7
9/15/1954;13,5
10/15/1954;9,9
11/15/1954;4
12/15/1954;3,2
1/15/1955;-1,7
2/15/1955;-1,9
3/15/1955;0,4
4/15/1955;6,9
5/15/1955;10,3
6/15/1955;14,5
7/15/1955;17,3
8/15/1955;16,8
9/15/1955;13,4
10/15/1955;8
11/15/1955;3,8
12/15/1955;2,6
1/15/1956;0,2
2/15/1956;-9,62
3/15/1956;2,9
4/15/1956;5,3
5/15/1956;12,5
6/15/1956;13,2
7/15/1956;16,9
8/15/1956;14,1
9/15/1956;13,8
10/15/1956;8,2
11/15/1956;2,5
12/15/1956;2
1/15/1957;0,3
2/15/1957;3,8
3/15/1957;6,4
4/15/1957;7,5
5/15/1957;9,7
6/15/1957;16,7
7/15/1957;17,7
8/15/1957;15,1
9/15/1957;11,8
10/15/1957;9,1
11/15/1957;4,5
12/15/1957;0,5
1/15/1958;-0,4
2/15/1958;1,9
3/15/1958;-0,3
4/15/1958;5,2
5/15/1958;13,3
6/15/1958;14,5
7/15/1958;17
8/15/1958;16,9
9/15/1958;14,5
10/15/1958;9,3
11/15/1958;4,3
12/15/1958;2,4
1/15/1959;-0,1
2/15/1959;-0,1
3/15/1959;6,2
4/15/1959;9,4
5/15/1959;12,7
6/15/1959;16,1
7/15/1959;19,3
8/15/1959;17,3
9/15/1959;13,5
10/15/1959;8,4
11/15/1959;3,3
12/15/1959;2,2
1/15/1960;-0,1
2/15/1960;0,4
3/15/1960;4,3
4/15/1960;7,4
5/15/1960;12,8
6/15/1960;16,2
7/15/1960;15,4
8/15/1960;15,8
9/15/1960;12,5
10/15/1960;9,1
11/15/1960;6
12/15/1960;1,2
1/15/1961;-0,8
2/15/1961;4,4
3/15/1961;6
4/15/1961;10,6
5/15/1961;10,3
6/15/1961;16
7/15/1961;15,1
8/15/1961;15,7
9/15/1961;16,3
10/15/1961;10,5
11/15/1961;3,7
12/15/1961;-0,6
1/15/1962;1,7
2/15/1962;0,3
3/15/1962;0,2
4/15/1962;8,2
5/15/1962;9,7
6/15/1962;14,2
7/15/1962;15
8/15/1962;15,8
9/15/1962;12,3
10/15/1962;8,9
11/15/1962;2,7
12/15/1962;-3,3
1/15/1963;-7,4
2/15/1963;-5,7
3/15/1963;2,4
4/15/1963;8,4
5/15/1963;12
6/15/1963;15,8
7/15/1963;17,7
8/15/1963;15,9
9/15/1963;13,7
10/15/1963;8,1
11/15/1963;7,4
12/15/1963;-3,1
1/15/1964;-2,6
2/15/1964;0,6
3/15/1964;0,6
4/15/1964;8,6
5/15/1964;13,6
6/15/1964;16,9
7/15/1964;18,1
8/15/1964;15,9
9/15/1964;13,6
10/15/1964;7,1
11/15/1964;4,9
12/15/1964;0,4
1/15/1965;1,2
2/15/1965;-1,8
3/15/1965;2,3
4/15/1965;6,7
5/15/1965;11,2
6/15/1965;15,5
7/15/1965;15
8/15/1965;14,9
9/15/1965;12,7
10/15/1965;8,1
11/15/1965;1,3
12/15/1965;2,6
1/15/1966;-2,7
2/15/1966;3,5
3/15/1966;3,3
4/15/1966;8,6
5/15/1966;13
6/15/1966;16,9
7/15/1966;15,6
8/15/1966;15,5
9/15/1966;13,2
10/15/1966;11,1
11/15/1966;2,2
12/15/1966;2
1/15/1967;0,7
2/15/1967;2,8
3/15/1967;5,4
4/15/1967;6,5
5/15/1967;12,5
6/15/1967;14,7
7/15/1967;18,6
8/15/1967;16,4
9/15/1967;13,8
10/15/1967;11,1
11/15/1967;3,8
12/15/1967;0,4
1/15/1968;-1,1
2/15/1968;0,7
3/15/1968;4,4
4/15/1968;9
5/15/1968;10,9
6/15/1968;16
7/15/1968;16,2
8/15/1968;16,4
9/15/1968;13,4
10/15/1968;10,2
11/15/1968;3,7
12/15/1968;-2
1/15/1969;0,4
2/15/1969;-2,1
3/15/1969;0,9
4/15/1969;7
5/15/1969;12,9
6/15/1969;14,8
7/15/1969;18,4
8/15/1969;16,5
9/15/1969;13,8
10/15/1969;10
11/15/1969;5,1
12/15/1969;-4,7
1/15/1970;-2,6
2/15/1970;-1,1
3/15/1970;1,2
4/15/1970;5,3
5/15/1970;11,4
6/15/1970;17,2
7/15/1970;16,1
8/15/1970;16,8
9/15/1970;13,2
10/15/1970;8,9
11/15/1970;5,8
12/15/1970;0,5
1/15/1971;-1,1
2/15/1971;1,4
3/15/1971;1
4/15/1971;8,2
5/15/1971;14
6/15/1971;13,9
7/15/1971;18
8/15/1971;17,8
9/15/1971;12
10/15/1971;8,8
11/15/1971;3,5
12/15/1971;3,6
1/15/1972;-2,3
2/15/1972;1,9
3/15/1972;5,3
4/15/1972;7,2
5/15/1972;11,3
6/15/1972;14,4
7/15/1972;17,7
8/15/1972;15,7
9/15/1972;10,7
10/15/1972;6,8
11/15/1972;4,3
12/15/1972;0,8
1/15/1973;0
2/15/1973;1
3/15/1973;3,9
4/15/1973;5,1
5/15/1973;12,5
6/15/1973;16,1
7/15/1973;17,2
8/15/1973;17,7
9/15/1973;14,1
10/15/1973;7,3
11/15/1973;3,3
12/15/1973;0,2
1/15/1974;3,3
2/15/1974;3,2
3/15/1974;5,6
4/15/1974;7,9
5/15/1974;11
6/15/1974;14,1
7/15/1974;15,3
8/15/1974;17,1
9/15/1974;13,2
10/15/1974;5,5
11/15/1974;4,9
12/15/1974;4,8
1/15/1975;4,5
2/15/1975;1,4
3/15/1975;3,6
4/15/1975;6,8
5/15/1975;11,8
6/15/1975;14,7
7/15/1975;18,2
8/15/1975;18,8
9/15/1975;15,5
10/15/1975;7,5
11/15/1975;3,1
12/15/1975;1,2
1/15/1976;1,2
2/15/1976;0,5
3/15/1976;1,3
4/15/1976;6,9
5/15/1976;12,8
6/15/1976;17,4
7/15/1976;19,3
8/15/1976;16,2
9/15/1976;12,7
10/15/1976;9,5
11/15/1976;4,8
12/15/1976;-1
1/15/1977;0,4
2/15/1977;3
3/15/1977;6,1
4/15/1977;5,6
5/15/1977;11,7
6/15/1977;15,5
7/15/1977;16,5
8/15/1977;15,9
9/15/1977;11,9
10/15/1977;10,1
11/15/1977;5,1
12/15/1977;2,1
1/15/1978;0,7
2/15/1978;-1,4
3/15/1978;4,8
4/15/1978;6,5
5/15/1978;11,6
6/15/1978;14,8
7/15/1978;15,5
8/15/1978;15,1
9/15/1978;12,2
10/15/1978;9,1
11/15/1978;4,2
12/15/1978;0,3
1/15/1979;-4,5
2/15/1979;-1,8
3/15/1979;3,7
4/15/1979;6,3
5/15/1979;12,4
6/15/1979;16,5
7/15/1979;15,3
8/15/1979;15,5
9/15/1979;13,1
10/15/1979;8,6
11/15/1979;3,7
12/15/1979;3,8
1/15/1980;-2,7
2/15/1980;2,1
3/15/1980;3,3
4/15/1980;6
5/15/1980;10,7
6/15/1980;14,7
7/15/1980;15,1
8/15/1980;16,6
9/15/1980;13,9
10/15/1980;8
11/15/1980;3
12/15/1980;0,7
1/15/1981;-1,5
2/15/1981;-0,4
3/15/1981;6,8
4/15/1981;7,8
5/15/1981;13,2
6/15/1981;15,3
7/15/1981;16,3
8/15/1981;16,4
9/15/1981;14
10/15/1981;8,1
11/15/1981;4,6
12/15/1981;-2,2
1/15/1982;-2,3
2/15/1982;-0,1
3/15/1982;4,2
4/15/1982;6,5
5/15/1982;12,4
6/15/1982;16,3
7/15/1982;18,9
8/15/1982;17,3
9/15/1982;15,7
10/15/1982;9,6
11/15/1982;6
12/15/1982;2,2
1/15/1983;4
2/15/1983;-1,7
3/15/1983;4,5
4/15/1983;8,6
5/15/1983;11,3
6/15/1983;16,3
7/15/1983;20,4
8/15/1983;18,1
9/15/1983;13,7
10/15/1983;9,2
11/15/1983;3,5
12/15/1983;0,7
1/15/1984;1,1
2/15/1984;-0,3
3/15/1984;2
4/15/1984;6,8
5/15/1984;10,8
6/15/1984;13,7
7/15/1984;15,9
8/15/1984;17
9/15/1984;12,3
10/15/1984;10,2
11/15/1984;4,9
12/15/1984;1,2
1/15/1985;-5,5
2/15/1985;-3,1
3/15/1985;2,8
4/15/1985;7,6
5/15/1985;13,3
6/15/1985;13,5
7/15/1985;17,4
8/15/1985;16,2
9/15/1985;13,5
10/15/1985;8,8
11/15/1985;0,8
12/15/1985;3,7
1/15/1986;0,1
2/15/1986;-6,4
3/15/1986;3
4/15/1986;6,3
5/15/1986;14,1
6/15/1986;15,9
7/15/1986;17
8/15/1986;16,3
9/15/1986;11,3
10/15/1986;9,6
11/15/1986;5,8
12/15/1986;2
1/15/1987;-5,9
2/15/1987;-0,3
3/15/1987;-0,4
4/15/1987;9,1
5/15/1987;9,7
6/15/1987;13,9
7/15/1987;16,9
8/15/1987;15,5
9/15/1987;14,5
10/15/1987;9,4
11/15/1987;4,9
12/15/1987;2,1
1/15/1988;3,5
2/15/1988;2,1
3/15/1988;2,7
4/15/1988;8
5/15/1988;14,2
6/15/1988;15
7/15/1988;17
8/15/1988;17
9/15/1988;13,2
10/15/1988;9,7
11/15/1988;3
12/15/1988;3,4
1/15/1989;2,5
2/15/1989;3,4
3/15/1989;7
4/15/1989;7,2
5/15/1989;13,8
6/15/1989;15,3
7/15/1989;17,7
8/15/1989;17
9/15/1989;14,4
10/15/1989;10,4
11/15/1989;2,7
12/15/1989;2,4
1/15/1990;2,5
2/15/1990;5,74
3/15/1990;6,9
4/15/1990;7,4
5/15/1990;13,9
6/15/1990;15,2
7/15/1990;16,7
8/15/1990;18,3
9/15/1990;11,8
10/15/1990;10,2
11/15/1990;4,5
12/15/1990;0,8
1/15/1991;1,5
2/15/1991;-2,4
3/15/1991;6,4
4/15/1991;7,1
5/15/1991;9,5
6/15/1991;13,5
7/15/1991;19,2
8/15/1991;17,9
9/15/1991;14,7
10/15/1991;8,2
11/15/1991;3,9
12/15/1991;0,7
1/15/1992;1
2/15/1992;2,8
3/15/1992;4,8
4/15/1992;7,8
5/15/1992;14,5
6/15/1992;17,3
7/15/1992;18,6
8/15/1992;19,1
9/15/1992;13,4
10/15/1992;6,5
11/15/1992;5,4
12/15/1992;1,3
1/15/1993;2,5
2/15/1993;-0,7
3/15/1993;3,6
4/15/1993;10,4
5/15/1993;14,6
6/15/1993;15,6
7/15/1993;16,1
8/15/1993;15,8
9/15/1993;12,2
10/15/1993;7,8
11/15/1993;0,4
12/15/1993;3,2
1/15/1994;3
2/15/1994;-0,2
3/15/1994;6,3
4/15/1994;7,9
5/15/1994;12,6
6/15/1994;15,9
7/15/1994;21,3
8/15/1994;17,8
9/15/1994;13,2
10/15/1994;7,6
11/15/1994;7,2
12/15/1994;3,6
1/15/1995;0,2
2/15/1995;4,6
3/15/1995;3,1
4/15/1995;8,5
5/15/1995;12,2
6/15/1995;14,3
7/15/1995;20,1
8/15/1995;18,3
9/15/1995;12,6
10/15/1995;11,8
11/15/1995;3
12/15/1995;-1,8
1/15/1996;-2,8
2/15/1996;-2,2
3/15/1996;1
4/15/1996;8,4
5/15/1996;11,2
6/15/1996;15,6
7/15/1996;15,9
8/15/1996;17,1
9/15/1996;10,9
10/15/1996;9,2
11/15/1996;4,5
12/15/1996;-2,4
1/15/1997;-2,6
2/15/1997;4,1
3/15/1997;5,8
4/15/1997;6,4
5/15/1997;12,7
6/15/1997;15,8
7/15/1997;17,1
8/15/1997;19,8
9/15/1997;13,7
10/15/1997;7,7
11/15/1997;4
12/15/1997;2,2
1/15/1998;2,4
2/15/1998;4,3
3/15/1998;5
4/15/1998;8,8
5/15/1998;14
6/15/1998;16,5
7/15/1998;16,4
8/15/1998;16,7
9/15/1998;13,3
10/15/1998;8,7
11/15/1998;1,6
12/15/1998;1
1/15/1999;2,6
2/15/1999;0,4
3/15/1999;5,4
4/15/1999;8,9
5/15/1999;13,8
6/15/1999;15,2
7/15/1999;19
8/15/1999;17,2
9/15/1999;16,8
10/15/1999;9
11/15/1999;3,5
12/15/1999;2,2
1/15/2000;1,1
2/15/2000;3,9
3/15/2000;5,2
4/15/2000;10,1
5/15/2000;14,6
6/15/2000;17
7/15/2000;15,3
8/15/2000;17,6
9/15/2000;13,9
10/15/2000;10,6
11/15/2000;6,1
12/15/2000;3,1
1/15/2001;0,9
2/15/2001;2,3
3/15/2001;4,2
4/15/2001;7,1
5/15/2001;14,4
6/15/2001;14,3
7/15/2001;18,6
8/15/2001;18,6
9/15/2001;11,8
10/15/2001;12,48
11/15/2001;3,8
12/15/2001;-0,2
1/15/2002;1,2
2/15/2002;5
3/15/2002;5,4
4/15/2002;8,1
5/15/2002;13,8
6/15/2002;17,4
7/15/2002;17,7
8/15/2002;18,8
9/15/2002;13,1
10/15/2002;8,3
11/15/2002;5,6
12/15/2002;0,3
1/15/2003;-0,3
2/15/2003;-1,9
3/15/2003;5,3
4/15/2003;8,5
5/15/2003;14,1
6/15/2003;19,35
7/15/2003;19,1
8/15/2003;20,6
9/15/2003;13,8
10/15/2003;5,9
11/15/2003;6
12/15/2003;1,8
1/15/2004;-0,1
2/15/2004;2,4
3/15/2004;4,1
4/15/2004;9,3
5/15/2004;11,6
6/15/2004;15,3
7/15/2004;16,8
8/15/2004;18,4
9/15/2004;14
10/15/2004;10,1
11/15/2004;4,2
12/15/2004;1,1
1/15/2005;2
2/15/2005;-1
3/15/2005;3,6
4/15/2005;9,3
5/15/2005;12,8
6/15/2005;16,4
7/15/2005;18
8/15/2005;15,8
9/15/2005;15
10/15/2005;11
11/15/2005;4,2
12/15/2005;0,9
1/15/2006;-2,6
2/15/2006;-0,4
3/15/2006;1,5
4/15/2006;8
5/15/2006;13,1
6/15/2006;16,8
7/15/2006;21,99
8/15/2006;15,5
9/15/2006;16,9
10/15/2006;12,1
11/15/2006;7
12/15/2006;4,4
1/15/2007;4,76
2/15/2007;3,9
3/15/2007;6,2
4/15/2007;11,5
5/15/2007;14,2
6/15/2007;17,4
7/15/2007;17,2
8/15/2007;16,9
9/15/2007;12,6
10/15/2007;8,3
11/15/2007;3,7
12/15/2007;1,6
1/15/2008;3,6
2/15/2008;3,7
3/15/2008;4,2
4/15/2008;7,6
5/15/2008;14,5
6/15/2008;16,9
7/15/2008;18
8/15/2008;17,4
9/15/2008;12,4
10/15/2008;9,1
11/15/2008;5,1
12/15/2008;1,1
1/15/2009;-2,2
2/15/2009;0,5
3/15/2009;4,3
4/15/2009;11,8
5/15/2009;13,6
6/15/2009;14,8
7/15/2009;18
8/15/2009;18,7
9/15/2009;14,7
10/15/2009;8,2
11/15/2009;7,4
12/15/2009;0,3
1/15/2010;-3,6
2/15/2010;-0,5
3/15/2010;4,2
4/15/2010;8,7
5/15/2010;10,4
6/15/2010;16,3
7/15/2010;20,3
8/15/2010;16,7
9/15/2010;12,4
10/15/2010;8,1
11/15/2010;4,8
12/15/2010;-3,7
1/15/2011;1
2/15/2011;0,9
3/15/2011;4,9
4/15/2011;11,6
5/15/2011;13,9
6/15/2011;16,5
7/15/2011;16,1
8/15/2011;17,7
9/15/2011;15,2
10/15/2011;9,4
11/15/2011;4,5
12/15/2011;3,9
1/15/2012;1,9
2/15/2012;-2,5
3/15/2012;6,9
4/15/2012;8,1
5/15/2012;14,2
6/15/2012;15,5
7/15/2012;17,4
8/15/2012;18,4
9/15/2012;13,6
10/15/2012;8,7
11/15/2012;5,2
12/15/2012;1,5
1/15/2013;0,2
2/15/2013;-0,7
3/15/2013;0,1
4/15/2013;8,1
5/15/2013;11,8
6/15/2013;15,7
7/15/2013;19,5
8/15/2013;17,9
9/15/2013;13,3
10/15/2013;10,6
11/15/2013;4,6
12/15/2013;3,6
1/15/2014;2,1
2/15/2014;4,3
3/15/2014;6,9
4/15/2014;10,8
5/15/2014;12,4
6/15/2014;16,1
7/15/2014;19,3
8/15/2014;16
9/15/2014;14,9
10/15/2014;11,9
11/15/2014;6,5
12/15/2014;2,7
1/15/2015;2,2
2/15/2015;0,7
3/15/2015;5,2
4/15/2015;8,4
5/15/2015;12,3
6/15/2015;15,8
7/15/2015;19,4
8/15/2015;19,9
9/15/2015;13
10/15/2015;8,4
11/15/2015;7,5
12/15/2015;6,5
1/15/2016;1
2/15/2016;3,3
3/15/2016;4
4/15/2016;7,9
5/15/2016;13,7
6/15/2016;17
7/15/2016;18,6
8/15/2016;17,7
9/15/2016;16,9
10/15/2016;8,5
11/15/2016;3,8
12/15/2016;2,2
1/15/2017;-2,2
2/15/2017;2,9
3/15/2017;7,2
4/15/2017;7,4
5/15/2017;14,1
6/15/2017;17,8
7/15/2017;18,1
8/15/2017;17,9
9/15/2017;12,8
10/15/2017;11,1
11/15/2017;5,1
12/15/2017;2,7
1/15/2018;3,7
2/15/2018;-1,9
3/15/2018;2,4
4/15/2018;12,3
5/15/2018;16
6/15/2018;17,7
7/15/2018;20,3
8/15/2018;19,9
9/15/2018;15,1
10/15/2018;10,7
11/15/2018;5,2
12/15/2018;3,9
1/15/2019;0,6
2/15/2019;4
3/15/2019;6,6
4/15/2019;9,6
5/15/2019;11
6/15/2019;19,78
7/15/2019;18,9
8/15/2019;10,1
9/15/2019;14,1
10/15/2019;10,8
11/15/2019;5,2
12/15/2019;3,8
1/15/2020;3,5
2/15/2020;5,3
3/15/2020;5,3
4/15/2020;10,4
5/15/2020;11,9
6/15/2020;16,9
7/15/2020;17,7
8/15/2020;20
9/15/2020;14,8
10/15/2020;10,2
11/15/2020;6,2
12/15/2020;3,1
1/15/2020;0,6
2/15/2020;1,7
3/15/2020;4,8
4/15/2020;6
